{
  "config": {
    "seed": 1337,
    "data": {
      "csv_path": "data/crops.csv",
      "image_size": 224,
      "train_split": "train",
      "val_split": "val",
      "countries": null,
      "allowed_labels": [
        "D00",
        "D10",
        "D20",
        "D40"
      ]
    },
    "model": {
      "name": "custom_cnn",
      "pretrained": false,
      "freeze_backbone": false
    },
    "train": {
      "epochs": 20,
      "batch_size": 64,
      "num_workers": 4,
      "optimizer": "adamw",
      "lr": 0.001,
      "weight_decay": 0.0001,
      "scheduler": "cosine",
      "early_stopping_patience": 5
    },
    "outputs": {
      "root_dir": "outputs/customcnn",
      "checkpoints_dir": "outputs/customcnn/checkpoints",
      "logs_dir": "outputs/customcnn/logs",
      "figures_dir": "outputs/customcnn/figures",
      "label_map_path": "outputs/customcnn/label_map.json",
      "best_checkpoint_name": "best.pt",
      "history_name": "history.json"
    }
  },
  "label_map": {
    "D00": 0,
    "D10": 1,
    "D20": 2,
    "D40": 3
  },
  "train": [
    {
      "accuracy": 0.683973371977176,
      "macro_f1": 0.5875498293537708,
      "per_class_precision": [
        0.6755887850467289,
        0.7878483835005574,
        0.6225360856743752,
        0.5282358820589705
      ],
      "per_class_recall": [
        0.8672617333717247,
        0.7428781667192264,
        0.4703881787263985,
        0.19996216420734014
      ],
      "per_class_f1": [
        0.7595192065226528,
        0.7647026997781745,
        0.535871743486974,
        0.29010566762728146
      ],
      "per_class_support": [
        20838,
        9513,
        8527,
        5286
      ],
      "loss": 0.7906222128747177,
      "epoch": 1,
      "epoch_time_sec": 209.27445125579834
    },
    {
      "accuracy": 0.7553210759894937,
      "macro_f1": 0.7028694820218007,
      "per_class_precision": [
        0.7681520991052994,
        0.8577315339445761,
        0.6681824849640604,
        0.5963114754098361
      ],
      "per_class_recall": [
        0.8569920337844323,
        0.8752233785346368,
        0.5341855283218013,
        0.49545970488081725
      ],
      "per_class_f1": [
        0.8101438098262487,
        0.8663891779396462,
        0.5937174139728885,
        0.5412275263484191
      ],
      "per_class_support": [
        20838,
        9513,
        8527,
        5286
      ],
      "loss": 0.6414738005242608,
      "epoch": 2,
      "epoch_time_sec": 210.9350254535675
    },
    {
      "accuracy": 0.7706955891676479,
      "macro_f1": 0.7227230150906978,
      "per_class_precision": [
        0.7813176348368107,
        0.864178647904558,
        0.6938653960690887,
        0.6283322317691121
      ],
      "per_class_recall": [
        0.8662059698627508,
        0.8908861557868181,
        0.5464993549900317,
        0.5395384033295497
      ],
      "per_class_f1": [
        0.8215748748293127,
        0.8773291925465838,
        0.6114281965492357,
        0.580559796437659
      ],
      "per_class_support": [
        20838,
        9513,
        8527,
        5286
      ],
      "loss": 0.6051801777697918,
      "epoch": 3,
      "epoch_time_sec": 213.78040838241577
    },
    {
      "accuracy": 0.7805678833439,
      "macro_f1": 0.7347464862075401,
      "per_class_precision": [
        0.7899434044405746,
        0.8758485908249332,
        0.7063537492844877,
        0.6416146297948261
      ],
      "per_class_recall": [
        0.8707649486515021,
        0.895090928203511,
        0.5788671279465228,
        0.5442678774120318
      ],
      "per_class_f1": [
        0.8283875091307523,
        0.8853652196516766,
        0.6362874637447631,
        0.5889457523029683
      ],
      "per_class_support": [
        20838,
        9513,
        8527,
        5286
      ],
      "loss": 0.5802484008024464,
      "epoch": 4,
      "epoch_time_sec": 212.83429265022278
    },
    {
      "accuracy": 0.7941988950276243,
      "macro_f1": 0.7518176973462845,
      "per_class_precision": [
        0.8031751600736777,
        0.8802969378286422,
        0.7352774631936579,
        0.6586214394433573
      ],
      "per_class_recall": [
        0.8788751319704386,
        0.8975086723431094,
        0.6091239591884602,
        0.5730230798335225
      ],
      "per_class_f1": [
        0.8393217231897342,
        0.8888194878201124,
        0.6662818292604707,
        0.6128477491148204
      ],
      "per_class_support": [
        20838,
        9513,
        8527,
        5286
      ],
      "loss": 0.5601666152892948,
      "epoch": 5,
      "epoch_time_sec": 211.92462730407715
    },
    {
      "accuracy": 0.8017389729191197,
      "macro_f1": 0.7617505866837952,
      "per_class_precision": [
        0.8075170842824602,
        0.8843375980189847,
        0.7484766898115347,
        0.6804011336385437
      ],
      "per_class_recall": [
        0.8846338420193877,
        0.9009776095868811,
        0.6194441186818341,
        0.5904275444570564
      ],
      "per_class_f1": [
        0.8443182338661659,
        0.8925800572767508,
        0.6778747433264887,
        0.6322293122657754
      ],
      "per_class_support": [
        20838,
        9513,
        8527,
        5286
      ],
      "loss": 0.53940572089264,
      "epoch": 6,
      "epoch_time_sec": 217.07032346725464
    },
    {
      "accuracy": 0.809324336563717,
      "macro_f1": 0.769445949749782,
      "per_class_precision": [
        0.815649809202158,
        0.8876961189099918,
        0.7650576676633917,
        0.6819939836699613
      ],
      "per_class_recall": [
        0.8924081005854688,
        0.9040260695889835,
        0.6301161017943004,
        0.6004540295119183
      ],
      "per_class_f1": [
        0.8523042372298737,
        0.8957866777771991,
        0.6910610932475885,
        0.6386317907444669
      ],
      "per_class_support": [
        20838,
        9513,
        8527,
        5286
      ],
      "loss": 0.5224198704719889,
      "epoch": 7,
      "epoch_time_sec": 214.79239344596863
    },
    {
      "accuracy": 0.8132868399601485,
      "macro_f1": 0.775459781321294,
      "per_class_precision": [
        0.8201546961325967,
        0.885898485468686,
        0.7675395602856743,
        0.6969303934284479
      ],
      "per_class_recall": [
        0.8904885305691526,
        0.9100178702827709,
        0.642781752081623,
        0.6099129776768824
      ],
      "per_class_f1": [
        0.8538757103743414,
        0.8977962146746176,
        0.6996425836099055,
        0.6505246166263116
      ],
      "per_class_support": [
        20838,
        9513,
        8527,
        5286
      ],
      "loss": 0.5109316022291789,
      "epoch": 8,
      "epoch_time_sec": 213.2598431110382
    },
    {
      "accuracy": 0.8218684901729916,
      "macro_f1": 0.784580279762918,
      "per_class_precision": [
        0.8275071633237823,
        0.8912305952503341,
        0.7856637918846316,
        0.7050651848685616
      ],
      "per_class_recall": [
        0.9008542086572607,
        0.9112793020077788,
        0.6516946170986279,
        0.6241013999243284
      ],
      "per_class_f1": [
        0.8626243595340395,
        0.9011434511434512,
        0.7124358974358974,
        0.662117410938284
      ],
      "per_class_support": [
        20838,
        9513,
        8527,
        5286
      ],
      "loss": 0.49538049519941996,
      "epoch": 9,
      "epoch_time_sec": 218.3972828388214
    },
    {
      "accuracy": 0.8273707091748935,
      "macro_f1": 0.7919665777973588,
      "per_class_precision": [
        0.8352229780801209,
        0.8932068858880527,
        0.79232693911593,
        0.7095018836333193
      ],
      "per_class_recall": [
        0.9014780689125635,
        0.9108588247661096,
        0.6684648762753607,
        0.641316685584563
      ],